QueryID,EF,Latency(ns),Recall
0,597,2252002,0.96
1,200,814108,1
2,303,1197111,0.97
3,100,421444,1
4,937,3638154,0.95
5,209,748375,0.98
6,100,505741,1
7,690,2399956,1
8,136,641333,0.97
9,209,862820,0.98
10,789,3039193,0.98
11,147,707138,1
12,427,1577819,0.99
13,355,1424992,0.97
14,224,811500,0.99
15,772,2604988,0.98
16,343,1363058,1
17,133,600786,1
18,100,483379,1
19,233,1018229,0.97
20,539,1953312,0.99
21,436,1476333,0.99
22,311,1299823,0.99
23,868,3225940,0.97
24,353,1418867,0.98
25,323,1248944,0.99
26,287,1138208,1
27,294,1233805,0.99
28,437,1577053,1
29,336,1249633,0.99
30,412,1696626,0.95
31,596,2022487,0.98
32,262,1061150,0.95
33,401,1720820,0.93
34,353,1442855,0.95
35,740,2722512,0.97
36,783,2614309,1
37,186,765664,0.99
38,215,905637,1
39,255,1059809,0.96
40,171,706449,0.97
41,100,452318,1
42,175,780489,1
43,100,508986,1
44,286,1054630,0.99
45,185,747840,0.99
46,144,652563,1
47,324,1294107,0.99
48,144,666381,1
49,311,1204584,0.99
50,100,500906,1
51,170,695564,0.98
52,676,2603184,0.95
53,104,516739,0.99
54,100,483589,1
55,185,743279,1
56,394,1416819,0.99
57,136,616346,1
58,896,3108106,0.99
59,412,1747015,0.9
60,617,2274321,1
61,409,1687950,0.94
62,150,668412,0.98
63,184,757544,1
64,291,1120475,0.98
65,937,3325197,1
66,184,776330,0.95
67,144,578693,0.99
68,447,1680267,1
69,304,1190072,1
70,965,3705360,0.99
71,812,2969408,1
72,116,540253,0.99
73,289,1152694,0.98
74,143,644758,0.99
75,187,815553,0.96
76,412,1754080,0.86
77,159,692263,0.98
78,176,637292,0.99
79,180,724894,0.99
80,192,817874,0.93
81,998,3813344,0.96
82,447,1666694,1
83,712,2613509,0.93
84,266,1046917,0.99
85,417,1628384,0.98
86,100,446450,1
87,923,3317094,0.96
88,433,1597289,0.97
89,750,2680931,0.98
90,206,804452,0.99
91,116,519782,1
92,302,1164165,0.99
93,922,3219249,1
94,151,734649,0.97
95,421,1335120,0.98
96,174,752485,0.98
97,100,479008,0.97
98,481,1862645,0.99
99,230,966244,0.98
100,719,2713993,0.99
101,100,412079,0.99
102,436,1590464,1
103,875,3168101,0.97
104,568,1627797,0.91
105,218,950547,0.98
106,117,574943,1
107,409,1633366,0.95
108,221,878547,1
109,848,3197152,0.98
110,102,524755,0.99
111,100,439282,1
112,403,1535700,0.94
113,150,684120,0.98
114,170,755644,0.99
115,177,740254,1
116,169,774683,0.98
117,645,2572251,0.98
118,502,1915033,0.97
119,920,3197351,0.98
120,420,1705170,0.98
121,422,1692005,1
122,100,507803,0.99
123,712,2517925,1
124,119,569030,1
125,701,2525565,1
126,273,1115374,0.99
127,417,1560029,0.99
128,300,1196384,1
129,863,2931268,1
130,152,638878,1
131,233,946823,0.99
132,454,1724420,0.97
133,100,508612,0.99
134,632,2239631,0.99
135,964,3752983,0.94
136,124,549017,0.99
137,540,2040848,0.99
138,559,1914764,0.98
139,343,1316175,1
140,100,429236,1
141,271,1086072,0.99
142,344,1023149,1
143,336,1369697,0.97
144,426,1598313,0.99
145,247,994404,0.99
146,368,1491779,0.96
147,803,3005428,0.97
148,437,1658811,0.99
149,100,436509,1
150,291,1183742,0.99
151,913,2238901,0.99
152,606,2236871,1
153,411,1646745,0.98
154,223,719076,0.96
155,148,617000,0.97
156,643,2413622,0.98
157,182,792252,0.99
158,432,1485119,0.99
159,277,1077035,1
160,240,981340,0.98
161,719,2769412,0.98
162,557,2137590,1
163,100,408722,1
164,548,2104477,0.98
165,702,2660602,0.96
166,723,2663125,1
167,431,1814813,0.93
168,485,1837118,1
169,100,517040,1
170,214,908590,1
171,182,794497,1
172,174,756840,0.99
173,637,2430654,0.96
174,149,639276,0.97
175,145,696631,1
176,232,993416,0.97
177,712,2541097,1
178,481,1812336,0.99
179,190,844227,0.99
180,200,879246,1
181,454,1805807,0.99
182,627,2212414,0.98
183,100,518283,0.97
184,427,1587532,1
185,812,2668591,0.99
186,485,1875166,0.99
187,350,1292253,1
188,223,899169,0.99
189,156,715640,0.97
190,621,2159173,1
191,786,2559049,0.99
192,660,2416260,1
193,183,778245,1
194,291,1097817,0.98
195,529,2313193,0.95
196,868,3022334,0.98
197,310,1137347,0.99
198,401,1614734,0.96
199,745,2652850,1
200,398,1618847,0.98
201,785,2797939,1
202,431,1804338,0.92
203,423,1547384,0.99
204,422,1543619,1
205,431,1496989,0.96
206,529,2062052,0.96
207,511,1909945,0.98
208,477,1725449,0.99
209,215,625234,0.98
210,525,1832452,0.97
211,768,2770197,1
212,621,2554083,0.93
213,285,1077120,0.99
214,390,1360385,0.97
215,215,883590,0.98
216,184,776289,0.99
217,100,519852,0.96
218,193,823568,0.98
219,400,1615009,0.98
220,290,1111759,0.98
221,828,2916211,0.97
222,707,2645348,0.98
223,771,2904153,0.94
224,200,833781,0.99
225,754,2764156,0.98
226,287,1166917,0.98
227,631,2363998,0.98
228,989,3483912,0.99
229,417,1507420,0.98
230,642,2279826,1
231,205,770675,0.99
232,737,2632823,0.96
233,418,1546777,0.99
234,257,1063989,1
235,543,1885691,0.98
236,390,1518011,0.95
237,118,597002,1
238,256,1057325,0.99
239,100,503709,1
240,176,798550,0.97
241,179,726810,0.95
242,100,421494,0.99
243,365,1418451,0.97
244,147,662010,1
245,150,636955,0.97
246,344,1268898,0.97
247,233,922775,0.99
248,219,858485,1
249,100,384613,1
250,408,1652301,0.94
251,365,1349474,1
252,386,1351063,0.98
253,964,3482431,0.96
254,386,1570884,1
255,672,2666160,0.95
256,100,508603,0.97
257,231,959752,0.97
258,386,1544307,0.97
259,276,1071468,0.98
260,437,1668749,0.94
261,750,2604622,0.99
262,302,1246786,0.98
263,100,452174,0.98
264,964,3726420,0.95
265,201,767766,0.99
266,417,1224109,0.91
267,100,504771,1
268,125,560454,0.98
269,100,491282,1
270,100,474000,0.99
271,366,1505870,1
272,194,784445,1
273,200,855018,0.97
274,256,1045008,0.98
275,286,1163193,0.98
276,239,986913,0.99
277,270,1078455,0.99
278,100,517045,0.98
279,476,1804716,0.99
280,422,1634814,0.99
281,423,1584774,1
282,167,719907,1
283,116,494912,0.99
284,184,764163,0.98
285,201,830167,1
286,719,2891577,0.98
287,772,2713033,0.99
288,771,2641130,1
289,155,719989,0.99
290,308,1217389,0.99
291,233,817213,1
292,209,907979,1
293,100,405781,1
294,676,2362540,1
295,290,1086622,0.99
296,156,646847,0.99
297,575,2281875,0.99
298,100,500761,1
299,179,783009,0.98
300,309,1239439,0.92
301,285,1103264,0.97
302,412,1674843,0.99
303,448,1665746,1
304,326,1340662,0.99
305,412,1639861,0.97
306,461,1679252,0.99
307,260,987168,0.99
308,552,2002092,1
309,294,1199944,0.99
310,217,895891,0.99
311,283,1132982,0.97
312,399,1559095,0.98
313,180,718067,0.97
314,327,1287072,1
315,246,1090333,0.98
316,397,1611846,0.96
317,290,1100121,1
318,259,1007711,0.95
319,280,1113798,0.98
320,423,1686021,0.94
321,972,3389775,0.98
322,707,2375682,0.98
323,706,2598996,0.98
324,295,1176848,0.99
325,994,3685715,0.99
326,229,919757,0.99
327,272,979418,0.99
328,283,1063026,0.99
329,301,1235148,1
330,100,490182,0.99
331,100,502782,0.98
332,284,1114914,0.98
333,746,2563797,1
334,894,3293817,0.95
335,412,1690295,0.96
336,116,557782,0.99
337,273,1097466,0.96
338,247,1004907,0.99
339,201,870377,0.99
340,135,605942,1
341,238,947036,1
342,988,3564455,1
343,338,1287087,0.99
344,241,991102,0.99
345,233,953016,0.99
346,746,2531156,1
347,116,539698,0.99
348,218,894616,1
349,223,923646,0.98
350,171,787157,1
351,100,435748,1
352,921,3080909,1
353,266,1067551,0.99
354,658,2380888,0.98
355,814,2876716,0.98
356,595,2301535,0.95
357,100,478474,1
358,193,584979,0.98
359,150,607801,1
360,256,973884,1
361,173,713054,0.99
362,433,1568750,0.98
363,402,1518011,0.99
364,789,2847184,0.98
365,421,1466903,1
366,220,969660,0.98
367,337,1357058,1
368,194,848260,0.98
369,177,770113,1
370,889,3392040,0.99
371,293,1113835,0.99
372,180,757791,1
373,266,1111935,1
374,980,3359909,1
375,181,796155,0.97
376,522,2038345,0.97
377,275,987714,1
378,214,919342,0.98
379,238,1012531,0.99
380,292,1140092,0.98
381,816,2939167,0.97
382,473,1859443,0.99
383,219,925857,1
384,306,1157388,0.99
385,469,1691043,0.97
386,100,518884,1
387,162,742338,1
388,795,2923250,0.99
389,151,656580,0.98
390,285,1168014,0.99
391,131,639486,1
392,181,737185,0.98
393,200,880057,1
394,210,868039,0.98
395,722,2605339,1
396,617,2296779,1
397,758,2674785,1
398,100,485083,1
399,707,2693295,0.97
400,455,1735297,0.99
401,293,1187915,0.98
402,381,1564859,0.96
403,450,1547070,0.99
404,285,1119724,1
405,266,1084283,0.99
406,483,1751941,1
407,597,2248247,0.95
408,208,759602,0.98
409,116,494361,0.99
410,394,1577216,0.97
411,412,1683869,0.97
412,442,1674740,0.99
413,212,953906,0.97
414,129,580419,0.99
415,525,1900184,0.99
416,170,713483,1
417,119,579052,1
418,175,752168,0.99
419,100,510883,0.94
420,207,861271,0.99
421,366,1483541,0.99
422,100,501246,1
423,100,322458,1
424,412,1622115,0.9
425,100,456429,1
426,630,2351197,0.99
427,421,1568559,1
428,320,1294922,0.98
429,166,767347,0.98
430,150,514831,0.97
431,160,678958,0.99
432,435,1778763,0.96
433,132,592320,1
434,100,417938,1
435,695,2501923,1
436,111,501683,1
437,207,891193,1
438,273,1141216,0.95
439,200,812288,1
440,962,3534975,0.96
441,183,719058,1
442,100,525864,0.98
443,412,1656392,0.98
444,306,1164214,0.96
445,562,1614944,0.99
446,476,1633984,1
447,218,820129,0.99
448,568,2080171,1
449,100,487478,0.99
450,743,2644199,1
451,839,3155517,0.96
452,427,1627992,1
453,196,798485,0.98
454,714,2534668,1
455,266,1087413,0.98
456,277,1077522,0.99
457,737,2714460,1
458,157,628646,0.98
459,209,906078,1
460,291,1229498,0.97
461,390,1436105,0.99
462,164,749049,0.96
463,456,1712748,0.99
464,178,542121,0.98
465,760,2736843,0.95
466,658,2425363,0.93
467,155,662399,0.99
468,192,809659,1
469,759,2693811,0.99
470,196,851007,0.99
471,851,2918977,0.99
472,394,1614623,0.96
473,208,884704,0.96
474,694,2520338,1
475,834,3080223,1
476,538,2128067,1
477,437,1681886,0.98
478,308,1257871,1
479,683,2517468,0.99
480,123,555409,1
481,311,1176985,1
482,122,598506,0.97
483,221,908296,0.99
484,100,369436,1
485,386,1589704,1
486,255,1072513,0.99
487,173,784853,0.97
488,170,698093,1
489,252,1059613,0.96
490,678,2608428,0.96
491,436,1665162,1
492,150,648874,0.99
493,100,447084,1
494,429,1523794,0.97
495,143,679770,0.99
496,440,1702938,1
497,217,865793,1
498,431,1584542,1
499,133,638564,1
500,288,1079955,0.98
501,526,2101217,0.95
502,181,767926,1
503,454,1892227,0.99
504,229,822959,0.98
505,154,669135,0.97
506,412,1691648,0.91
507,318,1099791,0.98
508,960,3212882,0.99
509,182,774068,1
510,183,751644,1
511,754,2694377,0.98
512,748,2508668,1
513,548,2053712,0.99
514,628,2487219,0.96
515,286,1131442,0.98
516,196,782600,1
517,719,2696235,0.97
518,481,1865325,0.99
519,404,1610730,1
520,136,561953,0.99
521,666,2288294,0.98
522,381,1467649,1
523,438,1627377,0.99
524,998,3783195,0.94
525,670,2486034,0.99
526,160,668064,0.99
527,210,927314,1
528,190,896367,0.92
529,287,1143288,0.99
530,253,1065629,0.99
531,258,1017224,0.99
532,403,1602049,0.99
533,155,733814,0.96
534,148,591735,1
535,184,660315,1
536,100,488685,0.99
537,536,2013790,0.97
538,540,1968997,0.96
539,362,1371415,0.98
540,353,1338027,0.98
541,371,1558085,0.98
542,701,2452543,1
543,175,703503,0.98
544,193,844605,0.99
545,157,677768,0.96
546,340,1392847,0.98
547,187,784015,1
548,100,505105,0.99
549,313,1183735,1
550,455,1733705,0.99
551,266,991186,0.97
552,412,1746740,0.95
553,431,1740267,0.98
554,100,517122,0.98
555,397,1558242,0.99
556,442,1765791,0.99
557,866,2799522,1
558,457,1869585,0.97
559,249,961108,0.99
560,476,1814131,1
561,667,2430792,0.98
562,380,1381844,0.99
563,884,3158245,0.99
564,100,477493,0.96
565,395,1640407,0.98
566,274,1112331,0.99
567,395,1453598,1
568,459,1713695,0.97
569,176,747491,0.99
570,526,2102838,0.98
571,404,1653691,0.99
572,125,612101,0.99
573,427,1734878,0.97
574,564,2052518,0.99
575,360,1420166,0.96
576,316,1283443,0.99
577,197,849421,1
578,339,1337207,0.98
579,653,2301535,1
580,540,1938969,0.99
581,295,1227926,0.98
582,713,2545155,0.98
583,409,1521238,1
584,241,892298,1
585,474,1796034,0.98
586,391,1558798,0.95
587,219,925370,0.99
588,207,828059,0.99
589,502,1732661,0.99
590,712,2546178,1
591,725,2595499,1
592,712,2513427,0.99
593,200,810884,0.98
594,116,560392,1
595,100,440016,1
596,204,886319,0.99
597,460,1877638,0.96
598,502,1843772,0.99
599,133,614257,1
600,464,1812014,0.99
601,100,431294,1
602,153,708427,0.99
603,389,1469107,0.98
604,377,1395458,0.97
605,235,995347,0.98
606,631,2307851,0.99
607,192,632127,0.99
608,831,2880557,1
609,611,2141387,0.97
610,899,3375060,0.98
611,175,762731,1
612,789,2853072,0.99
613,846,3047494,0.99
614,610,2283317,0.99
615,436,1614203,0.99
616,515,2068413,0.95
617,192,778758,0.99
618,634,2422056,0.99
619,258,1002774,0.96
620,265,1072949,1
621,100,459298,1
622,612,2221844,1
623,406,1680403,0.97
624,200,819078,1
625,719,2724380,0.99
626,410,1487542,1
627,136,582679,0.99
628,364,1390895,0.99
629,151,651062,0.99
630,754,2843500,0.98
631,420,1548306,0.93
632,360,1373993,0.99
633,971,3484383,0.94
634,151,649960,0.98
635,456,1683051,1
636,153,693348,0.98
637,390,1304496,0.98
638,557,2021649,0.99
639,362,1449515,0.96
640,107,519532,1
641,775,2830767,1
642,621,2535160,0.92
643,427,1663388,1
644,156,743967,0.96
645,161,684330,1
646,100,334401,1
647,703,2443052,0.99
648,162,595478,0.99
649,455,1692638,1
650,210,857580,1
651,458,1657622,1
652,305,1110899,0.97
653,338,1238501,1
654,451,1762601,0.97
655,966,3779116,0.88
656,911,3339455,0.99
657,868,2985452,0.99
658,893,3089220,1
659,198,861181,1
660,300,1118202,0.92
661,685,2669514,0.94
662,181,776353,1
663,150,674623,1
664,453,1714749,0.97
665,100,411734,0.99
666,129,574513,0.99
667,170,774786,0.92
668,100,306790,1
669,423,1661224,0.99
670,687,2367295,0.99
671,212,842411,0.98
672,436,1716051,0.99
673,955,3097095,1
674,240,1016853,1
675,712,2532503,1
676,402,1538592,0.99
677,529,2079672,0.93
678,100,453320,1
679,675,1970533,0.99
680,196,798467,1
681,425,1578862,1
682,790,2292436,0.95
683,291,1125857,0.99
684,421,1464385,1
685,162,741774,0.98
686,533,1528996,0.93
687,411,1504914,0.99
688,199,892707,1
689,100,509669,0.99
690,621,2437494,0.94
691,426,1626142,0.98
692,405,1603300,0.99
693,150,588976,1
694,631,1976509,0.99
695,218,864235,0.95
696,868,3284739,0.94
697,200,695421,1
698,816,2798875,0.98
699,307,1246772,0.99
700,320,1213466,0.99
701,402,1596784,1
702,965,3716264,0.95
703,100,463946,0.99
704,372,1419308,0.99
705,920,3215893,0.99
706,445,1631184,1
707,282,969605,0.99
708,320,1168157,0.99
709,100,471169,1
710,712,2496557,1
711,616,2072091,1
712,215,843859,0.98
713,100,336017,1
714,412,1618452,0.92
715,232,952006,0.98
716,186,775287,1
717,412,1674607,0.99
718,759,2819979,0.99
719,815,2841701,0.99
720,437,1588961,0.99
721,409,1573059,1
722,928,3459646,1
723,629,2220360,1
724,108,549877,0.97
725,469,1820705,0.97
726,408,1662213,0.96
727,258,1066160,0.99
728,147,660189,0.99
729,465,1793038,0.99
730,207,861824,0.96
731,388,1423871,1
732,469,1801023,0.98
733,754,2827159,0.98
734,100,450910,0.99
735,319,1268408,0.98
736,191,782903,0.98
737,409,1666566,0.96
738,100,502351,1
739,880,3164125,1
740,153,641042,0.99
741,255,1020807,1
742,961,3425189,0.98
743,233,961369,0.98
744,123,596587,0.99
745,765,2861550,0.99
746,233,932017,1
747,165,743222,0.99
748,540,2073216,0.99
749,100,426963,1
750,100,462090,0.99
751,407,1421059,1
752,100,388749,0.98
753,382,1541622,0.91
754,398,1492046,0.97
755,966,3519277,0.94
756,425,1410950,1
757,299,1191880,0.99
758,134,585759,0.99
759,966,3447807,0.98
760,223,935680,1
761,769,2759156,0.99
762,424,1643767,1
763,428,1624449,1
764,607,2195367,0.99
765,753,2718988,0.99
766,198,909750,0.97
767,953,3275228,1
768,749,2436268,1
769,426,1644635,0.99
770,255,919297,0.99
771,735,2748567,1
772,367,1418362,0.93
773,298,1152009,0.99
774,888,3081750,0.96
775,255,956950,1
776,292,1111660,1
777,150,613322,0.99
778,416,1494743,0.97
779,157,662600,0.98
780,802,3015264,0.99
781,965,3629515,0.96
782,759,2650862,1
783,200,824146,1
784,155,626441,0.99
785,169,681523,1
786,201,804029,0.99
787,486,1717475,1
788,102,530034,0.99
789,469,1827385,0.95
790,280,1104038,0.98
791,222,790141,0.96
792,604,2100841,1
793,387,1566119,0.99
794,558,2105232,1
795,249,1030277,1
796,450,1759603,0.97
797,369,1515737,0.98
798,729,2560522,1
799,944,3244309,0.99
800,337,1319203,0.96
801,525,1875572,1
802,131,577402,0.98
803,375,1385892,1
804,130,581319,0.99
805,243,1008495,1
806,931,3208843,0.97
807,160,714990,0.93
808,284,1029326,0.98
809,180,764385,0.99
810,709,2670382,0.99
811,776,2773304,0.98
812,146,690027,0.98
813,345,1322191,1
814,402,1546348,1
815,150,607383,1
816,196,843824,0.99
817,663,2081500,1
818,603,2291324,0.98
819,398,1537514,0.99
820,330,1237092,0.99
821,394,1644621,0.94
822,247,1024266,0.94
823,164,684449,1
824,299,1245869,0.94
825,403,1717100,0.96
826,227,904966,1
827,318,1233299,0.98
828,281,1110434,0.99
829,290,1203048,0.94
830,160,715540,1
831,651,2490112,0.98
832,364,1390762,0.99
833,284,1161716,0.97
834,478,1831255,1
835,197,773426,0.98
836,342,1361893,0.99
837,166,707091,0.97
838,791,2871496,0.99
839,150,621986,0.95
840,121,538402,0.97
841,588,2071065,0.99
842,426,1540433,0.98
843,780,2841488,0.98
844,737,2486625,1
845,100,502735,0.99
846,100,382637,1
847,411,1670571,0.95
848,242,1035571,0.99
849,100,405585,1
850,100,340561,1
851,712,2476924,1
852,209,898460,0.96
853,283,1116897,0.99
854,152,670427,1
855,872,3167285,0.96
856,441,1715554,0.99
857,407,1643232,0.98
858,233,940607,0.97
859,682,2653267,0.98
860,654,2429536,0.98
861,929,3233058,0.97
862,241,1067774,1
863,160,775703,0.98
864,747,2509346,0.99
865,149,687150,0.97
866,526,2017988,0.97
867,333,1316310,0.97
868,401,1487677,0.99
869,341,1293751,1
870,101,527917,0.98
871,362,1376552,0.99
872,377,1471815,0.99
873,100,481872,1
874,679,2504616,0.98
875,179,780308,0.97
876,350,1297900,1
877,200,887741,0.98
878,129,571371,0.99
879,127,574163,1
880,561,2023974,0.99
881,186,769831,1
882,284,1055976,0.99
883,253,922352,0.98
884,100,509838,0.96
885,409,1508216,1
886,212,868630,1
887,505,1809284,0.98
888,287,1181157,0.97
889,431,1738375,0.98
890,150,642299,1
891,525,2102942,0.95
892,453,1631172,1
893,124,554486,0.99
894,167,700511,1
895,204,873231,1
896,158,650094,0.98
897,395,1615247,0.94
898,749,2475139,1
899,197,791203,1
900,171,828679,0.92
901,666,2527275,1
902,184,742824,0.99
903,410,1534029,1
904,405,1421042,1
905,290,1110444,0.96
906,866,3124288,0.98
907,162,687954,0.97
908,157,719919,0.98
909,391,1506157,1
910,916,3337090,0.86
911,868,3444634,0.9
912,378,1460373,0.98
913,292,1113620,0.99
914,116,563125,0.97
915,196,822875,0.98
916,206,818164,1
917,776,2897506,0.99
918,784,2859066,0.98
919,342,1422802,0.96
920,323,1270295,0.98
921,472,1792693,1
922,170,674590,1
923,374,1287543,0.99
924,285,1170325,0.98
925,100,439735,0.99
926,904,3050889,1
927,621,2450594,0.96
928,180,753751,0.99
929,205,869429,1
930,621,2175927,0.98
931,286,1057304,0.98
932,814,2591019,0.98
933,636,2351739,1
934,951,3388498,1
935,511,1976285,0.97
936,164,709067,1
937,382,1545401,0.98
938,287,1119380,1
939,409,1662778,0.97
940,400,1620939,0.99
941,211,903570,0.98
942,621,2388673,1
943,100,508953,0.99
944,246,1072207,0.99
945,953,3485568,0.96
946,225,877161,0.99
947,745,2482302,1
948,441,1768895,0.98
949,423,1568926,0.99
950,100,502036,1
951,493,1924689,0.98
952,285,1170127,1
953,269,1019041,1
954,298,1185332,0.98
955,151,638356,0.99
956,283,1120587,0.99
957,181,785356,0.98
958,425,1619377,1
959,710,2636449,1
960,468,1754556,0.98
961,495,1865391,0.97
962,401,1611177,0.99
963,423,1646882,0.98
964,753,2763110,0.96
965,152,692661,0.99
966,745,2559054,1
967,509,1816924,0.99
968,384,1420907,0.97
969,403,1614073,0.99
970,822,2991834,0.98
971,719,2538521,0.98
972,206,795135,0.98
973,148,697239,0.99
974,439,1632869,1
975,473,1920085,0.97
976,100,493604,0.99
977,426,1538917,1
978,635,2437121,0.99
979,266,1093104,0.97
980,825,2956558,0.97
981,414,1699055,0.97
982,139,548674,1
983,240,965662,1
984,100,437048,1
985,554,2042119,0.99
986,763,2847854,0.99
987,212,868205,0.98
988,240,969729,0.96
989,152,730468,0.95
990,407,1637724,0.97
991,544,1964160,0.95
992,415,1538060,1
993,712,2544495,1
994,475,1750313,1
995,954,3398277,0.99
996,598,2222064,0.99
997,864,3171381,1
998,437,1680885,0.99
999,958,3488658,0.98
